{"SourceNum": 4.0, "Nodes": 8.0, "NodesCord": [[10.0, 30.0], [20.0, 40.0], [30.0, 50.0], [20.0, 20.0], [40.0, 40.0], [50.0, 30.0], [40.0, 20.0], [30.0, 10.0]], "vfix(thetaijfix)": [[0.0, 20.0, 16.0, 19.0, 22.0, 16.0, 17.0, 19.0], [20.0, 0.0, 20.0, 15.0, 20.0, 22.0, 16.0, 22.0], [16.0, 20.0, 0.0, 21.0, 19.0, 22.0, 15.0, 19.0], [19.0, 15.0, 21.0, 0.0, 20.0, 23.0, 19.0, 21.0], [22.0, 20.0, 19.0, 20.0, 0.0, 18.0, 24.0, 24.0], [16.0, 22.0, 22.0, 23.0, 18.0, 0.0, 19.0, 19.0], [17.0, 16.0, 15.0, 19.0, 24.0, 19.0, 0.0, 23.0], [19.0, 22.0, 19.0, 21.0, 24.0, 19.0, 23.0, 0.0]], "vvar(thetaijvar)": [[0.0, 0.00019, 0.00027, 0.00027, 0.00028, 0.00022, 0.00025, 0.00019], [0.00025, 0.0, 0.00022, 0.00022, 0.00024, 0.00023, 0.00018, 0.0002], [0.0002, 0.00024, 0.0, 0.00019, 0.0002, 0.00026, 0.00027, 0.00021], [0.00027, 0.00019, 0.00025, 0.0, 0.00027, 0.00025, 0.00025, 0.00022], [0.00027, 0.00018, 0.0002, 0.0002, 0.0, 0.00025, 0.00026, 0.00025], [0.00019, 0.00022, 0.00024, 0.00025, 0.00025, 0.0, 0.00023, 0.00021], [0.00021, 0.00024, 0.00028, 0.00026, 0.00026, 0.00027, 0.0, 0.00021], [0.00026, 0.00021, 0.00027, 0.00027, 0.00025, 0.00024, 0.0002, 0.0]], "FixedUnitCost": 100.0, "cvar(cijvar)": [[0.0, 5.0, 2.0, 2.0, 2.0, 9.0, 6.0, 9.0], [5.0, 0.0, 9.0, 7.0, 4.0, 9.0, 5.0, 7.0], [2.0, 9.0, 0.0, 3.0, 4.0, 6.0, 8.0, 9.0], [2.0, 7.0, 3.0, 0.0, 3.0, 3.0, 4.0, 3.0], [2.0, 4.0, 4.0, 3.0, 0.0, 2.0, 3.0, 4.0], [9.0, 9.0, 6.0, 3.0, 2.0, 0.0, 4.0, 7.0], [6.0, 5.0, 8.0, 4.0, 3.0, 4.0, 0.0, 6.0], [9.0, 7.0, 9.0, 3.0, 4.0, 7.0, 6.0, 0.0]], "cheat(ciheat)": [3.0, 1.0, 2.0, 4.0, 5.0, 1.0, 2.0, 3.0], "com(cijom)": [[0.0, 13.0, 19.0, 11.0, 15.0, 16.0, 17.0, 17.0], [13.0, 0.0, 20.0, 19.0, 18.0, 14.0, 17.0, 18.0], [19.0, 20.0, 0.0, 17.0, 12.0, 16.0, 20.0, 11.0], [11.0, 19.0, 17.0, 0.0, 12.0, 12.0, 13.0, 17.0], [15.0, 18.0, 12.0, 12.0, 0.0, 14.0, 13.0, 20.0], [16.0, 14.0, 16.0, 12.0, 14.0, 0.0, 13.0, 11.0], [17.0, 17.0, 20.0, 13.0, 13.0, 13.0, 0.0, 16.0], [17.0, 18.0, 11.0, 17.0, 20.0, 11.0, 16.0, 0.0]], "crev(cijrev)": [[0.0, 32.0, 29.0, 30.0, 10.0, 15.0, 28.0, 17.0], [32.0, 0.0, 16.0, 33.0, 38.0, 25.0, 17.0, 23.0], [29.0, 16.0, 0.0, 32.0, 40.0, 27.0, 24.0, 26.0], [30.0, 33.0, 32.0, 0.0, 19.0, 23.0, 31.0, 27.0], [10.0, 38.0, 40.0, 19.0, 0.0, 33.0, 17.0, 32.0], [15.0, 25.0, 27.0, 23.0, 33.0, 0.0, 38.0, 10.0], [28.0, 17.0, 24.0, 31.0, 17.0, 38.0, 0.0, 30.0], [17.0, 23.0, 26.0, 27.0, 32.0, 10.0, 30.0, 0.0]], "Tflh(Tiflh)": 1800.0, "Betta": 0.7, "Lambda": 0.7, "Alpha": 0.067, "EdgesDemandPeak(dij)": [[0.0, 14.0, 27.0, 37.0, 34.0, 27.0, 32.0, 26.0], [14.0, 0.0, 18.0, 40.0, 10.0, 25.0, 36.0, 19.0], [27.0, 18.0, 0.0, 39.0, 18.0, 16.0, 12.0, 11.0], [37.0, 40.0, 39.0, 0.0, 32.0, 37.0, 20.0, 15.0], [34.0, 10.0, 18.0, 32.0, 0.0, 34.0, 18.0, 10.0], [27.0, 25.0, 16.0, 37.0, 34.0, 0.0, 20.0, 12.0], [32.0, 36.0, 12.0, 20.0, 18.0, 20.0, 0.0, 34.0], [26.0, 19.0, 11.0, 15.0, 12.0, 12.0, 34.0, 0.0]], "EdgesDemandAnnual(Dij)": [[0.0, 241.0, 236.0, 213.0, 205.0, 178.0, 228.0, 195.0], [241.0, 0.0, 221.0, 240.0, 168.0, 229.0, 199.0, 165.0], [236.0, 221.0, 0.0, 197.0, 248.0, 176.0, 246.0, 240.0], [213.0, 240.0, 197.0, 0.0, 198.0, 190.0, 212.0, 158.0], [205.0, 168.0, 248.0, 198.0, 0.0, 245.0, 195.0, 178.0], [178.0, 229.0, 176.0, 190.0, 245.0, 0.0, 224.0, 243.0], [228.0, 199.0, 246.0, 212.0, 195.0, 224.0, 0.0, 180.0], [195.0, 165.0, 240.0, 158.0, 178.0, 243.0, 180.0, 0.0]], "Cmax(cijmax)": [[0.0, 874.0, 849.0, 721.0, 857.0, 702.0, 787.0, 856.0], [649.0, 0.0, 618.0, 887.0, 790.0, 834.0, 730.0, 600.0], [732.0, 773.0, 0.0, 605.0, 877.0, 703.0, 666.0, 765.0], [753.0, 807.0, 843.0, 0.0, 816.0, 739.0, 818.0, 733.0], [620.0, 826.0, 635.0, 706.0, 0.0, 735.0, 613.0, 683.0], [748.0, 811.0, 638.0, 707.0, 721.0, 0.0, 893.0, 796.0], [836.0, 629.0, 778.0, 892.0, 738.0, 830.0, 0.0, 887.0], [886.0, 608.0, 683.0, 868.0, 696.0, 869.0, 844.0, 0.0]], "SourceMaxCap(Qimax)": [30000.0, 30000.0, 30000.0, 30000.0, 30000.0, 30000.0, 30000.0, 30000.0], "pumd(pijumd)": [[0.0, 32.0, 29.0, 30.0, 10.0, 15.0, 28.0, 17.0], [32.0, 0.0, 16.0, 33.0, 38.0, 25.0, 17.0, 23.0], [29.0, 16.0, 0.0, 32.0, 40.0, 27.0, 24.0, 26.0], [30.0, 33.0, 32.0, 0.0, 19.0, 23.0, 31.0, 27.0], [10.0, 38.0, 40.0, 19.0, 0.0, 33.0, 17.0, 32.0], [15.0, 25.0, 27.0, 23.0, 33.0, 0.0, 38.0, 10.0], [28.0, 17.0, 24.0, 31.0, 17.0, 38.0, 0.0, 30.0], [17.0, 23.0, 26.0, 27.0, 32.0, 10.0, 30.0, 0.0]]}